state,county,fipsint,mlra,lrr,class,cpsnum,cps_name,planner_implementation,n,lrr_fill,co2_mean,co2_sterr,n2o_mean,n2o_sterr,ch4_mean,ch4_sterr,soil_carbon_co2,soil_carbon_co2_sterr,biomass_co2,fossil_co2,drainedorganicsoils_co2,biomass_burning_co2,biomassburning_n2o,biomassburning_ch4,liming_co2,direct_soil_n2o,direct_soil_n2o_sterr,indirect_soil_n2o,indirect_soil_n2o_sterr,drainedorganicsoils_n2o,soil_ch4,total_ghg_co2,total_ghg_co2_sterr,total_ghg_co2_min,total_ghg_co2_max,_county_norm
MN,Hennepin,27053,103,M,Cropland Management,372,Combustion System Improvement (CPS 372),Improved Farm Equipment Fuel Efficiency,,,0.012145749,-999.0,-999.0,-999.0,-999,-999,0.0,-999.0,0.0,0.012145749,0,0,0,0,0,0.0,-999.0,0.0,-999.0,0.0,0,0.012145749,,-999.0,-999.0,Hennepin
MN,Hennepin,27053,103,M,Cropland Management,328,Conservation Crop Rotation (CPS 328),Decrease Fallow Frequency or Add Perennial Crops to Rotations,,,0.210526317,-999.0,0.012145749,-999.0,-999,-999,0.210526317,-999.0,0.0,0.0,0,0,0,0,0,0.012145749,-999.0,0.0,-999.0,0.0,0,0.222672067,,-999.0,-999.0,Hennepin
MN,Hennepin,27053,103,M,Cropland Management,340,Cover Crop (CPS 340),Add Legume Seasonal Cover Crop (with 50% Fertilizer N Reduction) to Irrigated Cropland,146.0,,0.294946703,0.007215507,-0.081260151,0.001951207,0,-999,0.294946703,0.007215507,0.0,0.0,0,0,0,0,0,-0.079122624,0.002314482,-0.002137527,0.00116086,0.0,0,0.213686552,0.006313746,-0.000946664,0.520342092,Hennepin
MN,Hennepin,27053,103,M,Cropland Management,340,Cover Crop (CPS 340),Add Legume Seasonal Cover Crop (with 50% Fertilizer N Reduction) to Non-Irrigated Cropland,155.0,,0.260111566,0.007857724,-0.101147471,0.002162309,0,-999,0.260111566,0.007857724,0.0,0.0,0,0,0,0,0,-0.08881116,0.002213529,-0.012336311,0.000584178,0.0,0,0.158964095,0.006463814,-0.010211181,0.43297406,Hennepin
MN,Hennepin,27053,103,M,Cropland Management,340,Cover Crop (CPS 340),Add Legume Seasonal Cover Crop (with 50% Fertilizer N Reduction) to No-Till Irrigated Cropland,146.0,,0.178410804,0.00629157,0.120138238,0.003001949,0,-999,0.178410804,0.00629157,0.0,0.0,0,0,0,0,0,0.061126352,0.002082004,0.059011886,0.001606542,0.0,0,0.298549042,0.006082917,0.003209699,0.588991804,Hennepin
MN,Hennepin,27053,103,M,Cropland Management,340,Cover Crop (CPS 340),Add Legume Seasonal Cover Crop (with 50% Fertilizer N Reduction) to No-Till Non-Irrigated Cropland,155.0,,0.153080837,0.006728985,0.088043624,0.002381826,0,-999,0.153080837,0.006728985,0.0,0.0,0,0,0,0,0,0.079068585,0.002371937,0.008975039,0.000481912,0.0,0,0.241124461,0.006302422,0.009296512,0.452671055,Hennepin
MN,Hennepin,27053,103,M,Cropland Management,340,Cover Crop (CPS 340),Add Non-Legume Seasonal Cover Crop (with 25% Fertilizer N Reduction) to Irrigated Cropland,146.0,,0.075825649,0.002588192,-0.010564123,0.00182468,0,-999,0.075825649,0.002588192,0.0,0.0,0,0,0,0,0,-0.026535402,0.001957606,0.01597128,0.00124796,0.0,0,0.065261527,0.003357076,-0.057706503,0.203212454,Hennepin
MN,Hennepin,27053,103,M,Cropland Management,340,Cover Crop (CPS 340),Add Non-Legume Seasonal Cover Crop (with 25% Fertilizer N Reduction) to Non-Irrigated Cropland,155.0,,0.129339769,0.003603471,-0.015763893,0.000966422,0,-999,0.129339769,0.003603471,0.0,0.0,0,0,0,0,0,-0.015605407,0.000984155,-0.000158487,0.000179489,0.0,0,0.113575876,0.003422522,-0.010211181,0.268969001,Hennepin
MN,Hennepin,27053,103,M,Cropland Management,340,Cover Crop (CPS 340),Add Non-Legume Seasonal Cover Crop (with 25% Fertilizer N Reduction) to No-Till Irrigated Cropland,146.0,,0.008968056,0.003342341,0.115100183,0.001792667,0,-999,0.008968056,0.003342341,0.0,0.0,0,0,0,0,0,0.063171475,0.001546086,0.051928708,0.001430249,0.0,0,0.124068239,0.003761137,0.003860835,0.270241796,Hennepin
MN,Hennepin,27053,103,M,Cropland Management,340,Cover Crop (CPS 340),Add Non-Legume Seasonal Cover Crop (with 25% Fertilizer N Reduction) to No-Till Non-Irrigated Cropland,155.0,,0.041095805,0.003312473,0.102852119,0.002035826,0,-999,0.041095805,0.003312473,0.0,0.0,0,0,0,0,0,0.092146393,0.002133772,0.010705725,0.000431452,0.0,0,0.143947923,0.003977518,0.009296512,0.294823438,Hennepin
MN,Hennepin,27053,103,M,Cropland Management,484,Mulching (CPS 484),Add Mulch to Croplands,,,0.323076934,-999.0,0.0,-999.0,-999,-999,0.323076934,-999.0,0.0,0.0,0,0,0,0,0,0.0,-999.0,0.0,-999.0,0.0,0,0.323076934,,-999.0,-999.0,Hennepin
MN,Hennepin,27053,103,M,Cropland Management,888,Multiple Conservation Practices,Intensive Till to No Till or Strip Till (CPS 329) + Add Legume Seasonal Cover Crop (CPS 340) (with 50% Fertilizer N Reduction) on Irrigated Croplands,146.0,,0.6225656,0.010438424,0.129778638,0.003052562,0,-999,0.6225656,0.010438424,0.0,0.0,0,0,0,0,0,0.069161283,0.002061377,0.060617355,0.001614714,0.0,0,0.752344238,0.010799908,0.054705663,1.092925551,Hennepin
MN,Hennepin,27053,103,M,Cropland Management,888,Multiple Conservation Practices,Intensive Till to No Till or Strip Till (CPS 329) + Add Legume Seasonal Cover Crop (CPS 340) (with 50% Fertilizer N Reduction) on Non-Irrigated Croplands,155.0,,0.635653157,0.011890367,0.094869757,0.002370933,0,-999,0.635653157,0.011890367,0.0,0.0,0,0,0,0,0,0.085623904,0.002338521,0.009245853,0.000505758,0.0,0,0.730522914,0.012528328,0.009381592,0.995594448,Hennepin
MN,Hennepin,27053,103,M,Cropland Management,888,Multiple Conservation Practices,Intensive Till to No Till or Strip Till (CPS 329) + Add Legume Seasonal Cover Crop (CPS 340) + Replace Synthetic N Fertilizer with Compost (CN ratio 10) (CPS 590) on Irrigated Croplands,146.0,,1.030589676,0.014813747,0.026930048,0.001190524,0,-999,1.030589676,0.014813747,0.0,0.0,0,0,0,0,0,-0.009420781,0.001317664,0.036350829,0.001219452,0.0,0,1.057519725,0.014897603,0.132689946,1.402971831,Hennepin
MN,Hennepin,27053,103,M,Cropland Management,888,Multiple Conservation Practices,Intensive Till to No Till or Strip Till (CPS 329) + Add Legume Seasonal Cover Crop (CPS 340) + Replace Synthetic N Fertilizer with Compost (CN ratio 10) (CPS 590) on Non-Irrigated Croplands,155.0,,0.884086992,0.015116674,0.01653075,0.001422613,0,-999,0.884086992,0.015116674,0.0,0.0,0,0,0,0,0,0.017295749,0.001474557,-0.000764998,0.000300489,0.0,0,0.900617742,0.015331129,0.009381592,1.283058586,Hennepin
MN,Hennepin,27053,103,M,Cropland Management,888,Multiple Conservation Practices,Intensive Till to No Till or Strip Till (CPS 329) + Add Legume Seasonal Cover Crop (CPS 340) + Replace Synthetic N Fertilizer with Compost (CN ratio 15) (CPS 590) on Irrigated Croplands,146.0,,1.128425111,0.016833356,0.037316895,0.001259482,0,-999,1.128425111,0.016833356,0.0,0.0,0,0,0,0,0,-0.003085703,0.001156058,0.040402598,0.001290258,0.0,0,1.165742006,0.017230771,0.156622554,1.583507217,Hennepin
MN,Hennepin,27053,103,M,Cropland Management,888,Multiple Conservation Practices,Intensive Till to No Till or Strip Till (CPS 329) + Add Legume Seasonal Cover Crop (CPS 340) + Replace Synthetic N Fertilizer with Compost (CN ratio 15) (CPS 590) on Non-Irrigated Croplands,155.0,,0.955015643,0.016112657,0.028090608,0.001434234,0,-999,0.955015643,0.016112657,0.0,0.0,0,0,0,0,0,0.027038037,0.001491183,0.001052571,0.000334107,0.0,0,0.983106251,0.016569096,0.009381592,1.400282255,Hennepin
MN,Hennepin,27053,103,M,Cropland Management,888,Multiple Conservation Practices,Intensive Till to No Till or Strip Till (CPS 329) + Add Legume Seasonal Cover Crop (CPS 340) + Replace Synthetic N Fertilizer with Compost (CN ratio 20) (CPS 590) on Irrigated Croplands,146.0,,1.200079754,0.01889452,0.053129322,0.001410329,0,-999,1.200079754,0.01889452,0.0,0.0,0,0,0,0,0,0.007593991,0.001084043,0.045535331,0.001337691,0.0,0,1.253209077,0.019535037,0.175287122,1.744905403,Hennepin
MN,Hennepin,27053,103,M,Cropland Management,888,Multiple Conservation Practices,Intensive Till to No Till or Strip Till (CPS 329) + Add Legume Seasonal Cover Crop (CPS 340) + Replace Synthetic N Fertilizer with Compost (CN ratio 20) (CPS 590) on Non-Irrigated Croplands,155.0,,1.012931569,0.017356485,0.039615766,0.001546859,0,-999,1.012931569,0.017356485,0.0,0.0,0,0,0,0,0,0.036885828,0.001595718,0.002729938,0.00037188,0.0,0,1.052547335,0.017884892,0.009381592,1.513398386,Hennepin
MN,Hennepin,27053,103,M,Cropland Management,888,Multiple Conservation Practices,Intensive Till to No Till or Strip Till (CPS 329) + Add Legume Seasonal Cover Crop (CPS 340) + Replace Synthetic N Fertilizer with Compost (CN ratio 25) (CPS 590) on Irrigated Croplands,146.0,,1.292252223,0.020966081,0.061971565,0.001561988,0,-999,1.292252223,0.020966081,0.0,0.0,0,0,0,0,0,0.013224989,0.001033144,0.048746576,0.00139041,0.0,0,1.354223788,0.021891304,0.196835833,1.921545686,Hennepin
MN,Hennepin,27053,103,M,Cropland Management,888,Multiple Conservation Practices,Intensive Till to No Till or Strip Till (CPS 329) + Add Legume Seasonal Cover Crop (CPS 340) + Replace Synthetic N Fertilizer with Compost (CN ratio 25) (CPS 590) on Non-Irrigated Croplands,155.0,,1.083391567,0.018542667,0.047707965,0.001622507,0,-999,1.083391567,0.018542667,0.0,0.0,0,0,0,0,0,0.043867791,0.001658991,0.003840174,0.000396629,0.0,0,1.131099531,0.019224655,0.009381592,1.643515062,Hennepin
MN,Hennepin,27053,103,M,Cropland Management,888,Multiple Conservation Practices,Intensive Till to No Till or Strip Till (CPS 329) + Add Non-Legume Seasonal Cover Crop (CPS 340) (with 25% Fertilizer N Reduction) on Irrigated Croplands,146.0,,0.450373348,0.007215277,0.124296976,0.001838847,0,-999,0.450373348,0.007215277,0.0,0.0,0,0,0,0,0,0.071285838,0.001497685,0.053011138,0.001444337,0.0,0,0.574670323,0.008132182,0.055075709,0.772245349,Hennepin
MN,Hennepin,27053,103,M,Cropland Management,888,Multiple Conservation Practices,Intensive Till to No Till or Strip Till (CPS 329) + Add Non-Legume Seasonal Cover Crop (CPS 340) (with 25% Fertilizer N Reduction) on Non-Irrigated Croplands,155.0,,0.521449128,0.008766502,0.109817926,0.001993104,0,-999,0.521449128,0.008766502,0.0,0.0,0,0,0,0,0,0.098948458,0.002058573,0.010869468,0.000452549,0.0,0,0.631267053,0.010360955,0.009381592,0.84285129,Hennepin
MN,Hennepin,27053,103,M,Cropland Management,888,Multiple Conservation Practices,Intensive Till to No Till or Strip Till (CPS 329) + Add Non-Legume Seasonal Cover Crop (CPS 340) + Replace Synthetic N Fertilizer with Compost (CN ratio 10) (CPS 590) on Irrigated Croplands,146.0,,0.901729949,0.013783988,0.039546255,0.001890166,0,-999,0.901729949,0.013783988,0.0,0.0,0,0,0,0,0,0.005574553,0.001978903,0.033971702,0.001203712,0.0,0,0.941276204,0.013078055,0.129152772,1.255109968,Hennepin
MN,Hennepin,27053,103,M,Cropland Management,888,Multiple Conservation Practices,Intensive Till to No Till or Strip Till (CPS 329) + Add Non-Legume Seasonal Cover Crop (CPS 340) + Replace Synthetic N Fertilizer with Compost (CN ratio 10) (CPS 590) on Non-Irrigated Croplands,155.0,,0.790450202,0.013486317,0.040765484,0.001313716,0,-999,0.790450202,0.013486317,0.0,0.0,0,0,0,0,0,0.038604831,0.00135632,0.002160653,0.000286025,0.0,0,0.831215686,0.014105647,0.009381592,1.224183942,Hennepin
MN,Hennepin,27053,103,M,Cropland Management,888,Multiple Conservation Practices,Intensive Till to No Till or Strip Till (CPS 329) + Add Non-Legume Seasonal Cover Crop (CPS 340) + Replace Synthetic N Fertilizer with Compost (CN ratio 15) (CPS 590) on Irrigated Croplands,146.0,,1.007508748,0.016133761,0.051564624,0.001628836,0,-999,1.007508748,0.016133761,0.0,0.0,0,0,0,0,0,0.012011008,0.001735118,0.039553615,0.00123342,0.0,0,1.059073372,0.015654727,0.155328215,1.453607807,Hennepin
MN,Hennepin,27053,103,M,Cropland Management,888,Multiple Conservation Practices,Intensive Till to No Till or Strip Till (CPS 329) + Add Non-Legume Seasonal Cover Crop (CPS 340) + Replace Synthetic N Fertilizer with Compost (CN ratio 15) (CPS 590) on Non-Irrigated Croplands,155.0,,0.862587881,0.014604929,0.052259366,0.001359721,0,-999,0.862587881,0.014604929,0.0,0.0,0,0,0,0,0,0.048138725,0.001429709,0.004120641,0.000329782,0.0,0,0.914847247,0.015417875,0.009381592,1.339461515,Hennepin
MN,Hennepin,27053,103,M,Cropland Management,888,Multiple Conservation Practices,Intensive Till to No Till or Strip Till (CPS 329) + Add Non-Legume Seasonal Cover Crop (CPS 340) + Replace Synthetic N Fertilizer with Compost (CN ratio 20) (CPS 590) on Irrigated Croplands,146.0,,1.082441653,0.018415678,0.068437755,0.001499705,0,-999,1.082441653,0.018415678,0.0,0.0,0,0,0,0,0,0.022765697,0.001560088,0.045672059,0.00126002,0.0,0,1.150879409,0.018151136,0.176087314,1.621104127,Hennepin
MN,Hennepin,27053,103,M,Cropland Management,888,Multiple Conservation Practices,Intensive Till to No Till or Strip Till (CPS 329) + Add Non-Legume Seasonal Cover Crop (CPS 340) + Replace Synthetic N Fertilizer with Compost (CN ratio 20) (CPS 590) on Non-Irrigated Croplands,155.0,,0.920005354,0.015936165,0.063965478,0.001453926,0,-999,0.920005354,0.015936165,0.0,0.0,0,0,0,0,0,0.058165205,0.001548014,0.005800273,0.000373485,0.0,0,0.983970831,0.016816862,0.009381592,1.451650926,Hennepin
MN,Hennepin,27053,103,M,Cropland Management,888,Multiple Conservation Practices,Intensive Till to No Till or Strip Till (CPS 329) + Add Non-Legume Seasonal Cover Crop (CPS 340) + Replace Synthetic N Fertilizer with Compost (CN ratio 25) (CPS 590) on Irrigated Croplands,146.0,,1.178517041,0.020652519,0.078242456,0.001429925,0,-999,1.178517041,0.020652519,0.0,0.0,0,0,0,0,0,0.028634524,0.001437004,0.049607932,0.001294745,0.0,0,1.256759497,0.02062612,0.198368035,1.805254572,Hennepin
MN,Hennepin,27053,103,M,Cropland Management,888,Multiple Conservation Practices,Intensive Till to No Till or Strip Till (CPS 329) + Add Non-Legume Seasonal Cover Crop (CPS 340) + Replace Synthetic N Fertilizer with Compost (CN ratio 25) (CPS 590) on Non-Irrigated Croplands,155.0,,0.990444096,0.017245198,0.071527479,0.001531723,0,-999,0.990444096,0.017245198,0.0,0.0,0,0,0,0,0,0.064672359,0.001629232,0.00685512,0.000405031,0.0,0,1.061971574,0.018211887,0.009381592,1.58375078,Hennepin
MN,Hennepin,27053,103,M,Cropland Management,888,Multiple Conservation Practices,Intensive Till to No Till or Strip Till (CPS 329) + Synthetic N Fertilizer Reductions of 15% (CPS 590) on Irrigated Croplands,146.0,,0.413665781,0.005673592,0.086109225,0.001427234,0,-999,0.413665781,0.005673592,0.0,0.0,0,0,0,0,0,0.045831679,0.001345419,0.040277547,0.001429,0.0,0,0.499775006,0.006357993,0.054455741,0.66123722,Hennepin
MN,Hennepin,27053,103,M,Cropland Management,888,Multiple Conservation Practices,Intensive Till to No Till or Strip Till (CPS 329) + Synthetic N Fertilizer Reductions of 15% (CPS 590) on Non-Irrigated Croplands,155.0,,0.464934407,0.007266749,0.077407901,0.001472348,0,-999,0.464934407,0.007266749,0.0,0.0,0,0,0,0,0,0.070752609,0.001510116,0.006655292,0.000350571,0.0,0,0.542342308,0.008454416,0.009381592,0.691052412,Hennepin
MN,Hennepin,27053,103,M,Cropland Management,590,Nutrient Management (CPS 590),Improved N Fertilizer Management on Irrigated Croplands - Reduce Fertilizer Application Rate by 15%,146.0,,-999.0,-999.0,0.015863233,0.001384075,0,-999,-999.0,-999.0,0.0,0.0,0,0,0,0,0,-0.009207708,0.001588912,0.025070941,0.001215528,0.0,0,0.015863233,0.001384075,-999.0,-999.0,Hennepin
MN,Hennepin,27053,103,M,Cropland Management,590,Nutrient Management (CPS 590),Improved N Fertilizer Management on Non-Irrigated Croplands - Reduce Fertilizer Application Rate by 15%,155.0,,-999.0,-999.0,-0.002244199,0.001140463,0,-999,-999.0,-999.0,0.0,0.0,0,0,0,0,0,-0.003139068,0.00109063,0.000894869,0.000108833,0.0,0,-0.002244199,0.001140463,-999.0,-999.0,Hennepin
MN,Hennepin,27053,103,M,Cropland Management,590,Nutrient Management (CPS 590),Replace Synthetic N Fertilizer with Beef Feedlot Manure on Irrigated Croplands,146.0,,0.534134703,0.01552922,-0.115130041,0.004155379,0,-999,0.534134703,0.01552922,0.0,0.0,0,0,0,0,0,-0.109038985,0.003819024,-0.006091055,0.001222767,0.0,0,0.419004663,0.012123515,0.085196265,0.780258094,Hennepin
MN,Hennepin,27053,103,M,Cropland Management,590,Nutrient Management (CPS 590),Replace Synthetic N Fertilizer with Beef Feedlot Manure on Non-Irrigated Croplands,155.0,,0.297878021,0.007849129,-0.127485787,0.003628838,0,-999,0.297878021,0.007849129,0.0,0.0,0,0,0,0,0,-0.111147846,0.003395969,-0.016337941,0.000908142,0.0,0,0.170392234,0.005012825,-7.91646e-17,0.369671905,Hennepin
MN,Hennepin,27053,103,M,Cropland Management,590,Nutrient Management (CPS 590),Replace Synthetic N Fertilizer with Chicken Broiler Manure on Irrigated Croplands,146.0,,0.415982078,0.013584991,-0.131880464,0.005189999,0,-999,0.415982078,0.013584991,0.0,0.0,0,0,0,0,0,-0.117787663,0.004440971,-0.014092801,0.001441731,0.0,0,0.284101614,0.00922635,0.049148134,0.603589906,Hennepin
MN,Hennepin,27053,103,M,Cropland Management,590,Nutrient Management (CPS 590),Replace Synthetic N Fertilizer with Chicken Broiler Manure on Non-Irrigated Croplands,155.0,,0.201540823,0.00549861,-0.145900021,0.00396167,0,-999,0.201540823,0.00549861,0.0,0.0,0,0,0,0,0,-0.123622381,0.003532105,-0.02227764,0.001099389,0.0,0,0.055640802,0.002815713,-0.018529299,0.202102979,Hennepin
MN,Hennepin,27053,103,M,Cropland Management,590,Nutrient Management (CPS 590),Replace Synthetic N Fertilizer with Chicken Layer Manure on Irrigated Croplands,146.0,,0.415982077,0.01358499,-0.131880454,0.005189999,0,-999,0.415982077,0.01358499,0.0,0.0,0,0,0,0,0,-0.117787653,0.004440971,-0.014092801,0.001441731,0.0,0,0.284101623,0.009226348,0.049148134,0.603589906,Hennepin
MN,Hennepin,27053,103,M,Cropland Management,590,Nutrient Management (CPS 590),Replace Synthetic N Fertilizer with Chicken Layer Manure on Non-Irrigated Croplands,155.0,,0.201540823,0.00549861,-0.145900021,0.00396167,0,-999,0.201540823,0.00549861,0.0,0.0,0,0,0,0,0,-0.123622381,0.003532105,-0.02227764,0.001099389,0.0,0,0.055640802,0.002815713,-0.018529299,0.202102979,Hennepin
MN,Hennepin,27053,103,M,Cropland Management,590,Nutrient Management (CPS 590),Replace Synthetic N Fertilizer with Compost (CN ratio 10) on Irrigated Croplands,146.0,,0.480289819,0.01438311,-0.125375919,0.004525213,0,-999,0.480289819,0.01438311,0.0,0.0,0,0,0,0,0,-0.114849426,0.004036881,-0.010526493,0.00129664,0.0,0,0.3549139,0.010655528,0.069787144,0.694080776,Hennepin
MN,Hennepin,27053,103,M,Cropland Management,590,Nutrient Management (CPS 590),Replace Synthetic N Fertilizer with Compost (CN ratio 10) on Non-Irrigated Croplands,155.0,,0.261683751,0.006944576,-0.14107168,0.003877556,0,-999,0.261683751,0.006944576,0.0,0.0,0,0,0,0,0,-0.121275247,0.003565076,-0.019796433,0.001020618,0.0,0,0.120612072,0.004009691,-7.91646e-17,0.282151327,Hennepin
MN,Hennepin,27053,103,M,Cropland Management,590,Nutrient Management (CPS 590),Replace Synthetic N Fertilizer with Compost (CN ratio 15) on Irrigated Croplands,146.0,,0.627516554,0.018317292,-0.106347251,0.00398679,0,-999,0.627516554,0.018317292,0.0,0.0,0,0,0,0,0,-0.105253561,0.003772916,-0.001093691,0.001179735,0.0,0,0.521169302,0.015025182,0.112809616,0.942548187,Hennepin
MN,Hennepin,27053,103,M,Cropland Management,590,Nutrient Management (CPS 590),Replace Synthetic N Fertilizer with Compost (CN ratio 15) on Non-Irrigated Croplands,155.0,,0.384397391,0.009631205,-0.118431953,0.00335286,0,-999,0.384397391,0.009631205,0.0,0.0,0,0,0,0,0,-0.105346791,0.003197795,-0.013085161,0.000805816,0.0,0,0.265965438,0.006981823,-7.91646e-17,0.528134597,Hennepin
MN,Hennepin,27053,103,M,Cropland Management,590,Nutrient Management (CPS 590),Replace Synthetic N Fertilizer with Compost (CN ratio 20) on Irrigated Croplands,146.0,,0.737971712,0.022017764,-0.082892053,0.00358632,0,-999,0.737971712,0.022017764,0.0,0.0,0,0,0,0,0,-0.091860777,0.003580119,0.008968723,0.001132767,0.0,0,0.655079659,0.0190723,0.138586717,1.184844541,Hennepin
MN,Hennepin,27053,103,M,Cropland Management,590,Nutrient Management (CPS 590),Replace Synthetic N Fertilizer with Compost (CN ratio 20) on Non-Irrigated Croplands,155.0,,0.49029004,0.012661424,-0.094384132,0.002804593,0,-999,0.49029004,0.012661424,0.0,0.0,0,0,0,0,0,-0.087118021,0.002695824,-0.007266111,0.000581823,0.0,0,0.395905909,0.010378187,-7.91646e-17,0.757259293,Hennepin
MN,Hennepin,27053,103,M,Cropland Management,590,Nutrient Management (CPS 590),Replace Synthetic N Fertilizer with Compost (CN ratio 25) on Irrigated Croplands,146.0,,0.873461313,0.02569159,-0.067213233,0.003115161,0,-999,0.873461313,0.02569159,0.0,0.0,0,0,0,0,0,-0.083564747,0.003296588,0.016351514,0.001154168,0.0,0,0.80624808,0.023208135,0.165042387,1.465447256,Hennepin
MN,Hennepin,27053,103,M,Cropland Management,590,Nutrient Management (CPS 590),Replace Synthetic N Fertilizer with Compost (CN ratio 25) on Non-Irrigated Croplands,155.0,,0.613147833,0.01563201,-0.075623365,0.002263297,0,-999,0.613147833,0.01563201,0.0,0.0,0,0,0,0,0,-0.072582192,0.002164801,-0.003041173,0.000413571,0.0,0,0.537524468,0.013800701,-7.91646e-17,1.010650994,Hennepin
MN,Hennepin,27053,103,M,Cropland Management,590,Nutrient Management (CPS 590),Replace Synthetic N Fertilizer with Dairy Manure on Irrigated Croplands,146.0,,0.534057853,0.015520637,-0.115155397,0.004158094,0,-999,0.534057853,0.015520637,0.0,0.0,0,0,0,0,0,-0.10905684,0.003820478,-0.006098556,0.001223589,0.0,0,0.418902456,0.012112646,0.085196265,0.780258094,Hennepin
MN,Hennepin,27053,103,M,Cropland Management,590,Nutrient Management (CPS 590),Replace Synthetic N Fertilizer with Dairy Manure on Non-Irrigated Croplands,155.0,,0.297878021,0.007849129,-0.127485787,0.003628838,0,-999,0.297878021,0.007849129,0.0,0.0,0,0,0,0,0,-0.111147846,0.003395969,-0.016337941,0.000908142,0.0,0,0.170392234,0.005012825,-7.91646e-17,0.369671905,Hennepin
MN,Hennepin,27053,103,M,Cropland Management,590,Nutrient Management (CPS 590),Replace Synthetic N Fertilizer with Other Manure on Irrigated Croplands,146.0,,0.534123071,0.015527897,-0.115132956,0.004155683,0,-999,0.534123071,0.015527897,0.0,0.0,0,0,0,0,0,-0.109040015,0.003819106,-0.006092941,0.001222969,0.0,0,0.418990114,0.012121916,0.085196265,0.780258094,Hennepin
MN,Hennepin,27053,103,M,Cropland Management,590,Nutrient Management (CPS 590),Replace Synthetic N Fertilizer with Other Manure on Non-Irrigated Croplands,155.0,,0.297878021,0.007849129,-0.127485787,0.003628838,0,-999,0.297878021,0.007849129,0.0,0.0,0,0,0,0,0,-0.111147846,0.003395969,-0.016337941,0.000908142,0.0,0,0.170392234,0.005012825,-7.91646e-17,0.369671905,Hennepin
MN,Hennepin,27053,103,M,Cropland Management,590,Nutrient Management (CPS 590),Replace Synthetic N Fertilizer with Sheep Manure on Irrigated Croplands,146.0,,0.534123071,0.015527897,-0.115132956,0.004155683,0,-999,0.534123071,0.015527897,0.0,0.0,0,0,0,0,0,-0.109040015,0.003819106,-0.006092941,0.001222969,0.0,0,0.418990114,0.012121916,0.085196265,0.780258094,Hennepin
MN,Hennepin,27053,103,M,Cropland Management,590,Nutrient Management (CPS 590),Replace Synthetic N Fertilizer with Sheep Manure on Non-Irrigated Croplands,155.0,,0.297878021,0.007849129,-0.127485787,0.003628838,0,-999,0.297878021,0.007849129,0.0,0.0,0,0,0,0,0,-0.111147846,0.003395969,-0.016337941,0.000908142,0.0,0,0.170392234,0.005012825,-7.91646e-17,0.369671905,Hennepin
MN,Hennepin,27053,103,M,Cropland Management,590,Nutrient Management (CPS 590),Replace Synthetic N Fertilizer with Swine Manure on Irrigated Croplands,146.0,,0.540753265,0.015393818,0.024703001,0.00135467,0,-999,0.540753265,0.015393818,0.0,0.0,0,0,0,0,0,-0.016284689,0.00156075,0.040987691,0.001375046,0.0,0,0.565456266,0.015692879,0.102973452,1.009668501,Hennepin
MN,Hennepin,27053,103,M,Cropland Management,590,Nutrient Management (CPS 590),Replace Synthetic N Fertilizer with Swine Manure on Non-Irrigated Croplands,155.0,,0.360166518,0.008709131,0.000324961,0.001038143,0,-999,0.360166518,0.008709131,0.0,0.0,0,0,0,0,0,-0.004280775,0.000932794,0.004605736,0.000246795,0.0,0,0.360491479,0.008707914,-7.91646e-17,0.671494401,Hennepin
MN,Hennepin,27053,103,M,Cropland Management,329,Residue and Tillage Management - No-Till (CPS 329),Intensive Till to No Till or Strip Till on Irrigated Cropland,146.0,,0.445401293,0.005814193,0.049337983,0.001500012,0,-999,0.445401293,0.005814193,0.0,0.0,0,0,0,0,0,0.022039594,0.001563918,0.027298389,0.001416605,0.0,0,0.494739276,0.006340018,0.053066183,0.65088835,Hennepin
MN,Hennepin,27053,103,M,Cropland Management,329,Residue and Tillage Management - No-Till (CPS 329),Intensive Till to No Till or Strip Till on Non-Irrigated Cropland,155.0,,0.490761072,0.007717079,0.049517895,0.001079228,0,-999,0.490761072,0.007717079,0.0,0.0,0,0,0,0,0,0.046543156,0.001123206,0.002974739,0.000240438,0.0,0,0.540278967,0.00854446,0.009381592,0.736286007,Hennepin
MN,Hennepin,27053,103,M,Cropland Management,329,Residue and Tillage Management - No-Till (CPS 329),Reduced Till to No Till or Strip Till on Irrigated Cropland,146.0,,0.299647679,0.003799113,0.044109349,0.001491401,0,-999,0.299647679,0.003799113,0.0,0.0,0,0,0,0,0,0.017447639,0.001554571,0.02666171,0.001402664,0.0,0,0.343757028,0.004568907,0.027433556,0.451544091,Hennepin
MN,Hennepin,27053,103,M,Cropland Management,329,Residue and Tillage Management - No-Till (CPS 329),Reduced Till to No Till or Strip Till on Non-Irrigated Cropland,155.0,,0.335824271,0.00511802,0.04549364,0.001072537,0,-999,0.335824271,0.00511802,0.0,0.0,0,0,0,0,0,0.042679414,0.001133685,0.002814226,0.000218262,0.0,0,0.381317911,0.005985565,0.009381592,0.510433454,Hennepin
MN,Hennepin,27053,103,M,Cropland Management,345,Residue and Tillage Management - Reduced Till (CPS 345),Intensive Till to Reduced Till on Irrigated Cropland,146.0,,0.220364184,0.002848475,0.014180921,0.001552947,0,-999,0.220364184,0.002848475,0.0,0.0,0,0,0,0,0,-0.007123515,0.001739015,0.021304435,0.001240526,0.0,0,0.234545105,0.002910361,0.028812059,0.302095498,Hennepin
MN,Hennepin,27053,103,M,Cropland Management,345,Residue and Tillage Management - Reduced Till (CPS 345),Intensive Till to Reduced Till on Non-Irrigated Cropland,155.0,,0.233727364,0.00385388,0.010132666,0.000347902,0,-999,0.233727364,0.00385388,0.0,0.0,0,0,0,0,0,0.009419503,0.000307259,0.000713162,7.07918e-05,0.0,0,0.24386003,0.003945454,-7.91646e-17,0.312272711,Hennepin
MN,Hennepin,27053,103,M,Cropland Management,585,Stripcropping (CPS 585),Add Perennial Cover Grown in Strips with Irrigated Annual Crops,,,0.105263159,-999.0,0.133603245,-999.0,-999,-999,0.105263159,-999.0,0.0,0.0,0,0,0,0,0,0.133603245,-999.0,0.0,-999.0,0.0,0,0.238866404,,-999.0,-999.0,Hennepin
MN,Hennepin,27053,103,M,Cropland Management,585,Stripcropping (CPS 585),Add Perennial Cover Grown in Strips with Non-Irrigated Annual Crops,,,0.105263159,-999.0,0.133603245,-999.0,-999,-999,0.105263159,-999.0,0.0,0.0,0,0,0,0,0,0.133603245,-999.0,0.0,-999.0,0.0,0,0.238866404,,-999.0,-999.0,Hennepin
MN,Hennepin,27053,103,M,Cropland to Herbaceous Cover,327,Conservation Cover (CPS 327),Convert Irrigated Cropland to Permanent Unfertilized Grass Cover,146.0,,0.395790879,0.005700631,0.359590457,0.004604997,0,-999,0.395790879,0.005700631,0.0,0.0,0,0,0,0,0,0.23417311,0.003847965,0.125417347,0.001788486,0.0,0,0.755381336,0.008584081,0.142303788,1.020916943,Hennepin
MN,Hennepin,27053,103,M,Cropland to Herbaceous Cover,327,Conservation Cover (CPS 327),Convert Irrigated Cropland to Permanent Unfertilized Grass/Legume Cover,146.0,,1.161698038,0.009159368,0.28743801,0.004514896,0,-999,1.161698038,0.009159368,0.0,0.0,0,0,0,0,0,0.166816836,0.00363203,0.120621175,0.001731254,0.0,0,1.449136048,0.011465257,0.771253261,1.779093504,Hennepin
MN,Hennepin,27053,103,M,Cropland to Herbaceous Cover,327,Conservation Cover (CPS 327),Convert Non-Irrigated Cropland to Permanent Unfertilized Grass Cover,155.0,,0.303458109,0.00777227,0.283863825,0.003625282,0,-999,0.303458109,0.00777227,0.0,0.0,0,0,0,0,0,0.256542993,0.004106665,0.027320831,0.000779799,0.0,0,0.587321934,0.010385698,0.288876978,0.975375373,Hennepin
MN,Hennepin,27053,103,M,Cropland to Herbaceous Cover,327,Conservation Cover (CPS 327),Convert Non-Irrigated Cropland to Permanent Unfertilized Grass/Legume Cover,155.0,,0.942425172,0.008092919,0.210809876,0.003486052,0,-999,0.942425172,0.008092919,0.0,0.0,0,0,0,0,0,0.186862932,0.00382082,0.023946944,0.000634844,0.0,0,1.153235048,0.010616412,0.719301539,1.425746038,Hennepin
MN,Hennepin,27053,103,M,Cropland to Herbaceous Cover,332,Contour Buffer Strips (CPS 332),Convert Strips of Irrigated Cropland to Permanent Unfertilized Grass Cover,146.0,,0.395790879,0.005700631,0.359590457,0.004604997,0,-999,0.395790879,0.005700631,0.0,0.0,0,0,0,0,0,0.23417311,0.003847965,0.125417347,0.001788486,0.0,0,0.755381336,0.008584081,0.142303788,1.020916943,Hennepin
MN,Hennepin,27053,103,M,Cropland to Herbaceous Cover,332,Contour Buffer Strips (CPS 332),Convert Strips of Irrigated Cropland to Permanent Unfertilized Grass/Legume Cover,146.0,,1.161698038,0.009159368,0.28743801,0.004514896,0,-999,1.161698038,0.009159368,0.0,0.0,0,0,0,0,0,0.166816836,0.00363203,0.120621175,0.001731254,0.0,0,1.449136048,0.011465257,0.771253261,1.779093504,Hennepin
MN,Hennepin,27053,103,M,Cropland to Herbaceous Cover,332,Contour Buffer Strips (CPS 332),Convert Strips of Non-Irrigated Cropland to Permanent Unfertilized Grass Cover,155.0,,0.303458109,0.00777227,0.283863825,0.003625282,0,-999,0.303458109,0.00777227,0.0,0.0,0,0,0,0,0,0.256542993,0.004106665,0.027320831,0.000779799,0.0,0,0.587321934,0.010385698,0.288876978,0.975375373,Hennepin
MN,Hennepin,27053,103,M,Cropland to Herbaceous Cover,332,Contour Buffer Strips (CPS 332),Convert Strips of Non-Irrigated Cropland to Permanent Unfertilized Grass/Legume Cover,155.0,,0.942425172,0.008092919,0.210809876,0.003486052,0,-999,0.942425172,0.008092919,0.0,0.0,0,0,0,0,0,0.186862932,0.00382082,0.023946944,0.000634844,0.0,0,1.153235048,0.010616412,0.719301539,1.425746038,Hennepin
MN,Hennepin,27053,103,M,Cropland to Herbaceous Cover,386,Field Border (CPS 386),Convert Strips of Irrigated Cropland to Permanent Unfertilized Grass Cover,146.0,,0.395790879,0.005700631,0.359590457,0.004604997,0,-999,0.395790879,0.005700631,0.0,0.0,0,0,0,0,0,0.23417311,0.003847965,0.125417347,0.001788486,0.0,0,0.755381336,0.008584081,0.142303788,1.020916943,Hennepin
MN,Hennepin,27053,103,M,Cropland to Herbaceous Cover,386,Field Border (CPS 386),Convert Strips of Irrigated Cropland to Permanent Unfertilized Grass/Legume Cover,146.0,,1.161698038,0.009159368,0.28743801,0.004514896,0,-999,1.161698038,0.009159368,0.0,0.0,0,0,0,0,0,0.166816836,0.00363203,0.120621175,0.001731254,0.0,0,1.449136048,0.011465257,0.771253261,1.779093504,Hennepin
MN,Hennepin,27053,103,M,Cropland to Herbaceous Cover,386,Field Border (CPS 386),Convert Strips of Non-Irrigated Cropland to Permanent Unfertilized Grass Cover,155.0,,0.303458109,0.00777227,0.283863825,0.003625282,0,-999,0.303458109,0.00777227,0.0,0.0,0,0,0,0,0,0.256542993,0.004106665,0.027320831,0.000779799,0.0,0,0.587321934,0.010385698,0.288876978,0.975375373,Hennepin
MN,Hennepin,27053,103,M,Cropland to Herbaceous Cover,386,Field Border (CPS 386),Convert Strips of Non-Irrigated Cropland to Permanent Unfertilized Grass/Legume Cover,155.0,,0.942425172,0.008092919,0.210809876,0.003486052,0,-999,0.942425172,0.008092919,0.0,0.0,0,0,0,0,0,0.186862932,0.00382082,0.023946944,0.000634844,0.0,0,1.153235048,0.010616412,0.719301539,1.425746038,Hennepin
MN,Hennepin,27053,103,M,Cropland to Herbaceous Cover,393,Filter Strip (CPS 393),Convert Strips of Irrigated Cropland to Permanent Unfertilized Grass Cover,146.0,,0.395790879,0.005700631,0.359590457,0.004604997,0,-999,0.395790879,0.005700631,0.0,0.0,0,0,0,0,0,0.23417311,0.003847965,0.125417347,0.001788486,0.0,0,0.755381336,0.008584081,0.142303788,1.020916943,Hennepin
MN,Hennepin,27053,103,M,Cropland to Herbaceous Cover,393,Filter Strip (CPS 393),Convert Strips of Irrigated Cropland to Permanent Unfertilized Grass/Legume Cover,146.0,,1.161698038,0.009159368,0.28743801,0.004514896,0,-999,1.161698038,0.009159368,0.0,0.0,0,0,0,0,0,0.166816836,0.00363203,0.120621175,0.001731254,0.0,0,1.449136048,0.011465257,0.771253261,1.779093504,Hennepin
MN,Hennepin,27053,103,M,Cropland to Herbaceous Cover,393,Filter Strip (CPS 393),Convert Strips of Non-Irrigated Cropland to Permanent Unfertilized Grass Cover,155.0,,0.303458109,0.00777227,0.283863825,0.003625282,0,-999,0.303458109,0.00777227,0.0,0.0,0,0,0,0,0,0.256542993,0.004106665,0.027320831,0.000779799,0.0,0,0.587321934,0.010385698,0.288876978,0.975375373,Hennepin
MN,Hennepin,27053,103,M,Cropland to Herbaceous Cover,393,Filter Strip (CPS 393),Convert Strips of Non-Irrigated Cropland to Permanent Unfertilized Grass/Legume Cover,155.0,,0.942425172,0.008092919,0.210809876,0.003486052,0,-999,0.942425172,0.008092919,0.0,0.0,0,0,0,0,0,0.186862932,0.00382082,0.023946944,0.000634844,0.0,0,1.153235048,0.010616412,0.719301539,1.425746038,Hennepin
MN,Hennepin,27053,103,M,Cropland to Herbaceous Cover,512,Forage and Biomass Planting (CPS 512),Conversion of Annual Cropland to Irrigated Grass/Legume Forage/Biomass Crops,147.0,,1.189370976,0.01057645,0.280987313,0.004439527,0,-999,1.189370976,0.01057645,0.0,0.0,0,0,0,0,0,0.160885198,0.003449618,0.120102115,0.001686007,0.0,0,1.470358289,0.012997241,0.775497053,1.840981208,Hennepin
MN,Hennepin,27053,103,M,Cropland to Herbaceous Cover,512,Forage and Biomass Planting (CPS 512),Conversion of Annual Cropland to Non-Irrigated Grass/Legume Forage/Biomass Crops,155.0,,0.946973013,0.010349519,0.214505844,0.002980179,0,-999,0.946973013,0.010349519,0.0,0.0,0,0,0,0,0,0.188103042,0.003339949,0.026402801,0.000622946,0.0,0,1.161478857,0.012584776,0.659165833,1.471252268,Hennepin
MN,Hennepin,27053,103,M,Cropland to Herbaceous Cover,412,Grassed Waterway (CPS 412),Convert Strips of Irrigated Cropland to Permanent Unfertilized Grass Cover,146.0,,0.395790879,0.005700631,0.359590457,0.004604997,0,-999,0.395790879,0.005700631,0.0,0.0,0,0,0,0,0,0.23417311,0.003847965,0.125417347,0.001788486,0.0,0,0.755381336,0.008584081,0.142303788,1.020916943,Hennepin
MN,Hennepin,27053,103,M,Cropland to Herbaceous Cover,412,Grassed Waterway (CPS 412),Convert Strips of Irrigated Cropland to Permanent Unfertilized Grass/Legume Cover,146.0,,1.161698038,0.009159368,0.28743801,0.004514896,0,-999,1.161698038,0.009159368,0.0,0.0,0,0,0,0,0,0.166816836,0.00363203,0.120621175,0.001731254,0.0,0,1.449136048,0.011465257,0.771253261,1.779093504,Hennepin
MN,Hennepin,27053,103,M,Cropland to Herbaceous Cover,412,Grassed Waterway (CPS 412),Convert Strips of Non-Irrigated Cropland to Permanent Unfertilized Grass Cover,155.0,,0.303458109,0.00777227,0.283863825,0.003625282,0,-999,0.303458109,0.00777227,0.0,0.0,0,0,0,0,0,0.256542993,0.004106665,0.027320831,0.000779799,0.0,0,0.587321934,0.010385698,0.288876978,0.975375373,Hennepin
MN,Hennepin,27053,103,M,Cropland to Herbaceous Cover,412,Grassed Waterway (CPS 412),Convert Strips of Non-Irrigated Cropland to Permanent Unfertilized Grass/Legume Cover,155.0,,0.942425172,0.008092919,0.210809876,0.003486052,0,-999,0.942425172,0.008092919,0.0,0.0,0,0,0,0,0,0.186862932,0.00382082,0.023946944,0.000634844,0.0,0,1.153235048,0.010616412,0.719301539,1.425746038,Hennepin
MN,Hennepin,27053,103,M,Cropland to Herbaceous Cover,603,Herbaceous Wind Barriers (CPS 603),Convert Strips of Irrigated Cropland to Permanent Unfertilized Grass Cover,146.0,,0.395790879,0.005700631,0.359590457,0.004604997,0,-999,0.395790879,0.005700631,0.0,0.0,0,0,0,0,0,0.23417311,0.003847965,0.125417347,0.001788486,0.0,0,0.755381336,0.008584081,0.142303788,1.020916943,Hennepin
MN,Hennepin,27053,103,M,Cropland to Herbaceous Cover,603,Herbaceous Wind Barriers (CPS 603),Convert Strips of Irrigated Cropland to Permanent Unfertilized Grass/Legume Cover,146.0,,1.161698038,0.009159368,0.28743801,0.004514896,0,-999,1.161698038,0.009159368,0.0,0.0,0,0,0,0,0,0.166816836,0.00363203,0.120621175,0.001731254,0.0,0,1.449136048,0.011465257,0.771253261,1.779093504,Hennepin
MN,Hennepin,27053,103,M,Cropland to Herbaceous Cover,603,Herbaceous Wind Barriers (CPS 603),Convert Strips of Non-Irrigated Cropland to Permanent Unfertilized Grass Cover,155.0,,0.303458109,0.00777227,0.283863825,0.003625282,0,-999,0.303458109,0.00777227,0.0,0.0,0,0,0,0,0,0.256542993,0.004106665,0.027320831,0.000779799,0.0,0,0.587321934,0.010385698,0.288876978,0.975375373,Hennepin
MN,Hennepin,27053,103,M,Cropland to Herbaceous Cover,603,Herbaceous Wind Barriers (CPS 603),Convert Strips of Non-Irrigated Cropland to Permanent Unfertilized Grass/Legume Cover,155.0,,0.942425172,0.008092919,0.210809876,0.003486052,0,-999,0.942425172,0.008092919,0.0,0.0,0,0,0,0,0,0.186862932,0.00382082,0.023946944,0.000634844,0.0,0,1.153235048,0.010616412,0.719301539,1.425746038,Hennepin
MN,Hennepin,27053,103,M,Cropland to Herbaceous Cover,390,Riparian Herbaceous Cover (CPS 390),Convert Irrigated Cropland to Permanent Unfertilized Grass Cover Near Aquatic Habitats,146.0,,0.395790879,0.005700631,0.359590457,0.004604997,0,-999,0.395790879,0.005700631,0.0,0.0,0,0,0,0,0,0.23417311,0.003847965,0.125417347,0.001788486,0.0,0,0.755381336,0.008584081,0.142303788,1.020916943,Hennepin
MN,Hennepin,27053,103,M,Cropland to Herbaceous Cover,390,Riparian Herbaceous Cover (CPS 390),Convert Irrigated Cropland to Permanent Unfertilized Grass/Legume Cover Near Aquatic Habitats,146.0,,1.161698038,0.009159368,0.28743801,0.004514896,0,-999,1.161698038,0.009159368,0.0,0.0,0,0,0,0,0,0.166816836,0.00363203,0.120621175,0.001731254,0.0,0,1.449136048,0.011465257,0.771253261,1.779093504,Hennepin
MN,Hennepin,27053,103,M,Cropland to Herbaceous Cover,390,Riparian Herbaceous Cover (CPS 390),Convert Non-Irrigated Cropland to Permanent Unfertilized Grass Cover Near Aquatic Habitats,155.0,,0.303458109,0.00777227,0.283863825,0.003625282,0,-999,0.303458109,0.00777227,0.0,0.0,0,0,0,0,0,0.256542993,0.004106665,0.027320831,0.000779799,0.0,0,0.587321934,0.010385698,0.288876978,0.975375373,Hennepin
MN,Hennepin,27053,103,M,Cropland to Herbaceous Cover,390,Riparian Herbaceous Cover (CPS 390),Convert Non-Irrigated Cropland to Permanent Unfertilized Grass/Legume Cover Near Aquatic Habitats,155.0,,0.942425172,0.008092919,0.210809876,0.003486052,0,-999,0.942425172,0.008092919,0.0,0.0,0,0,0,0,0,0.186862932,0.00382082,0.023946944,0.000634844,0.0,0,1.153235048,0.010616412,0.719301539,1.425746038,Hennepin
MN,Hennepin,27053,103,M,Cropland to Herbaceous Cover,601,Vegetative Barriers (CPS 601),Convert Strips of Irrigated Cropland to Permanent Unfertilized Grass Cover,146.0,,0.395790879,0.005700631,0.359590457,0.004604997,0,-999,0.395790879,0.005700631,0.0,0.0,0,0,0,0,0,0.23417311,0.003847965,0.125417347,0.001788486,0.0,0,0.755381336,0.008584081,0.142303788,1.020916943,Hennepin
MN,Hennepin,27053,103,M,Cropland to Herbaceous Cover,601,Vegetative Barriers (CPS 601),Convert Strips of Irrigated Cropland to Permanent Unfertilized Grass/Legume Cover,146.0,,1.161698038,0.009159368,0.28743801,0.004514896,0,-999,1.161698038,0.009159368,0.0,0.0,0,0,0,0,0,0.166816836,0.00363203,0.120621175,0.001731254,0.0,0,1.449136048,0.011465257,0.771253261,1.779093504,Hennepin
MN,Hennepin,27053,103,M,Cropland to Herbaceous Cover,601,Vegetative Barriers (CPS 601),Convert Strips of Non-Irrigated Cropland to Permanent Unfertilized Grass Cover,155.0,,0.303458109,0.00777227,0.283863825,0.003625282,0,-999,0.303458109,0.00777227,0.0,0.0,0,0,0,0,0,0.256542993,0.004106665,0.027320831,0.000779799,0.0,0,0.587321934,0.010385698,0.288876978,0.975375373,Hennepin
MN,Hennepin,27053,103,M,Cropland to Herbaceous Cover,601,Vegetative Barriers (CPS 601),Convert Strips of Non-Irrigated Cropland to Permanent Unfertilized Grass/Legume Cover,155.0,,0.942425172,0.008092919,0.210809876,0.003486052,0,-999,0.942425172,0.008092919,0.0,0.0,0,0,0,0,0,0.186862932,0.00382082,0.023946944,0.000634844,0.0,0,1.153235048,0.010616412,0.719301539,1.425746038,Hennepin
MN,Hennepin,27053,103,M,Grazing Lands,888,Multiple Conservation Practices,Prescribed Grazing (CPS 528) + Replace Synthetic N Fertilizer with Beef Feedlot Manure (CPS 590) on Managed Irrigated Pasture,67.0,,0.254211901,0.003018859,-0.061640729,0.015480287,0,-999,0.254211901,0.003018859,0.0,0.0,0,0,0,0,0,-0.042709694,0.015512251,-0.018931034,0.000215763,0.0,0,0.192571173,0.015131114,-0.151267551,0.443848389,Hennepin
MN,Hennepin,27053,103,M,Grazing Lands,888,Multiple Conservation Practices,Prescribed Grazing (CPS 528) + Replace Synthetic N Fertilizer with Beef Feedlot Manure (CPS 590) on Managed Non-Irrigated Pasture,80.0,,0.145591546,0.002118002,-0.022780536,0.015884219,0,-999,0.145591546,0.002118002,0.0,0.0,0,0,0,0,0,-0.009721306,0.015905207,-0.01305923,0.000217079,0.0,0,0.122811011,0.015866337,-0.282530675,0.586168333,Hennepin
MN,Hennepin,27053,103,M,Grazing Lands,888,Multiple Conservation Practices,Prescribed Grazing (CPS 528) + Replace Synthetic N Fertilizer with Compost (CN ratio 10) (CPS 590) on Managed Irrigated Pasture,67.0,,0.238760777,0.003093705,-0.069873702,0.015332787,0,-999,0.238760777,0.003093705,0.0,0.0,0,0,0,0,0,-0.049251406,0.01536486,-0.020622296,0.000228631,0.0,0,0.168887076,0.015032672,-0.184173591,0.402010154,Hennepin
MN,Hennepin,27053,103,M,Grazing Lands,888,Multiple Conservation Practices,Prescribed Grazing (CPS 528) + Replace Synthetic N Fertilizer with Compost (CN ratio 10) (CPS 590) on Managed Non-Irrigated Pasture,80.0,,0.130595974,0.00207898,-0.026670683,0.014917069,0,-999,0.130595974,0.00207898,0.0,0.0,0,0,0,0,0,-0.012220142,0.014942455,-0.014450541,0.000243116,0.0,0,0.103925291,0.014903073,-0.285392965,0.546532955,Hennepin
MN,Hennepin,27053,103,M,Grazing Lands,888,Multiple Conservation Practices,Prescribed Grazing (CPS 528) + Replace Synthetic N Fertilizer with Compost (CN ratio 15) (CPS 590) on Managed Irrigated Pasture,67.0,,0.290588984,0.002989998,-0.075686506,0.016600734,0,-999,0.290588984,0.002989998,0.0,0.0,0,0,0,0,0,-0.056917785,0.016633794,-0.018768722,0.000221402,0.0,0,0.214902477,0.016134875,-0.037510941,0.525944598,Hennepin
MN,Hennepin,27053,103,M,Grazing Lands,888,Multiple Conservation Practices,Prescribed Grazing (CPS 528) + Replace Synthetic N Fertilizer with Compost (CN ratio 15) (CPS 590) on Managed Non-Irrigated Pasture,80.0,,0.16812806,0.00218249,-0.020080971,0.01685715,0,-999,0.16812806,0.00218249,0.0,0.0,0,0,0,0,0,-0.009233961,0.016888068,-0.01084701,0.000193515,0.0,0,0.148047089,0.016874358,-0.273477722,0.60335754,Hennepin
MN,Hennepin,27053,103,M,Grazing Lands,888,Multiple Conservation Practices,Prescribed Grazing (CPS 528) + Replace Synthetic N Fertilizer with Compost (CN ratio 20) (CPS 590) on Managed Irrigated Pasture,67.0,,0.327707365,0.002849654,-0.056570825,0.017692989,0,-999,0.327707365,0.002849654,0.0,0.0,0,0,0,0,0,-0.04317988,0.017756113,-0.013390945,0.000201266,0.0,0,0.27113654,0.01716402,0.008832826,0.622717205,Hennepin
MN,Hennepin,27053,103,M,Grazing Lands,888,Multiple Conservation Practices,Prescribed Grazing (CPS 528) + Replace Synthetic N Fertilizer with Compost (CN ratio 20) (CPS 590) on Managed Non-Irrigated Pasture,80.0,,0.200148525,0.002226626,-0.00849312,0.01827808,0,-999,0.200148525,0.002226626,0.0,0.0,0,0,0,0,0,-0.002137222,0.018320555,-0.006355898,0.000180942,0.0,0,0.191655405,0.018286692,-0.280100425,0.660850225,Hennepin
MN,Hennepin,27053,103,M,Grazing Lands,888,Multiple Conservation Practices,Prescribed Grazing (CPS 528) + Replace Synthetic N Fertilizer with Compost (CN ratio 25) (CPS 590) on Managed Irrigated Pasture,67.0,,0.365766781,0.002785623,-0.04217624,0.018410476,0,-999,0.365766781,0.002785623,0.0,0.0,0,0,0,0,0,-0.033144122,0.018475735,-0.009032119,0.000188639,0.0,0,0.323590541,0.018061577,0.056330566,0.658763381,Hennepin
MN,Hennepin,27053,103,M,Grazing Lands,888,Multiple Conservation Practices,Prescribed Grazing (CPS 528) + Replace Synthetic N Fertilizer with Compost (CN ratio 25) (CPS 590) on Managed Non-Irrigated Pasture,80.0,,0.234938014,0.002457386,0.011823064,0.019813512,0,-999,0.234938014,0.002457386,0.0,0.0,0,0,0,0,0,0.014696428,0.019882183,-0.002873364,0.000179483,0.0,0,0.246761077,0.020036493,-0.268440925,0.743891134,Hennepin
MN,Hennepin,27053,103,M,Grazing Lands,888,Multiple Conservation Practices,Prescribed Grazing (CPS 528) + Replace Synthetic N Fertilizer with Dairy Manure (CPS 590) on Managed Irrigated Pasture,67.0,,0.254211901,0.003018859,-0.061640729,0.015480287,0,-999,0.254211901,0.003018859,0.0,0.0,0,0,0,0,0,-0.042709694,0.015512251,-0.018931034,0.000215763,0.0,0,0.192571173,0.015131114,-0.151267551,0.443848389,Hennepin
MN,Hennepin,27053,103,M,Grazing Lands,888,Multiple Conservation Practices,Prescribed Grazing (CPS 528) + Replace Synthetic N Fertilizer with Dairy Manure (CPS 590) on Managed Non-Irrigated Pasture,80.0,,0.145591546,0.002118002,-0.022780536,0.015884219,0,-999,0.145591546,0.002118002,0.0,0.0,0,0,0,0,0,-0.009721306,0.015905207,-0.01305923,0.000217079,0.0,0,0.122811011,0.015866337,-0.282530675,0.586168333,Hennepin
MN,Hennepin,27053,103,M,Grazing Lands,888,Multiple Conservation Practices,Prescribed Grazing (CPS 528) + Replace Synthetic N Fertilizer with Swine Manure (CPS 590) on Managed Irrigated Pasture,67.0,,0.290588984,0.002989998,-0.075686506,0.016600734,0,-999,0.290588984,0.002989998,0.0,0.0,0,0,0,0,0,-0.056917785,0.016633794,-0.018768722,0.000221402,0.0,0,0.214902477,0.016134875,-0.037510941,0.525944598,Hennepin
MN,Hennepin,27053,103,M,Grazing Lands,888,Multiple Conservation Practices,Prescribed Grazing (CPS 528) + Replace Synthetic N Fertilizer with Swine Manure (CPS 590) on Managed Non-Irrigated Pasture,80.0,,0.16812806,0.00218249,-0.020080971,0.01685715,0,-999,0.16812806,0.00218249,0.0,0.0,0,0,0,0,0,-0.009233961,0.016888068,-0.01084701,0.000193515,0.0,0,0.148047089,0.016874358,-0.273477722,0.60335754,Hennepin
MN,Hennepin,27053,103,M,Grazing Lands,590,Nutrient Management (CPS 590),Replace Synthetic N Fertilizer with Beef Feedlot Manure on Managed Irrigated Pasture,67.0,,0.230948166,0.002836024,-0.079246418,0.012386506,0,-999,0.230948166,0.002836024,0.0,0.0,0,0,0,0,0,-0.053772998,0.012375648,-0.025473419,0.000309891,0.0,0,0.151701749,0.012586671,-0.108034697,0.38486195,Hennepin
MN,Hennepin,27053,103,M,Grazing Lands,590,Nutrient Management (CPS 590),Replace Synthetic N Fertilizer with Beef Feedlot Manure on Managed Non-Irrigated Pasture,80.0,,0.121418945,0.001995198,-0.05190132,0.011357897,0,-999,0.121418945,0.001995198,0.0,0.0,0,0,0,0,0,-0.034482993,0.011326246,-0.017418327,0.000294962,0.0,0,0.069517625,0.011202389,-0.221845847,0.285577666,Hennepin
MN,Hennepin,27053,103,M,Grazing Lands,590,Nutrient Management (CPS 590),Replace Synthetic N Fertilizer with Chicken Broiler Manure on Managed Irrigated Pasture,67.0,,0.197479157,0.003021951,-0.085586661,0.011110084,0,-999,0.197479157,0.003021951,0.0,0.0,0,0,0,0,0,-0.056426976,0.011026696,-0.029159685,0.000352893,0.0,0,0.111892496,0.011663298,-0.137539934,0.311687379,Hennepin
MN,Hennepin,27053,103,M,Grazing Lands,590,Nutrient Management (CPS 590),Replace Synthetic N Fertilizer with Chicken Broiler Manure on Managed Non-Irrigated Pasture,80.0,,0.089789786,0.001970352,-0.056634328,0.00994259,0,-999,0.089789786,0.001970352,0.0,0.0,0,0,0,0,0,-0.036430511,0.009929296,-0.020203817,0.000361375,0.0,0,0.033155458,0.009966672,-0.158981662,0.23410588,Hennepin
MN,Hennepin,27053,103,M,Grazing Lands,590,Nutrient Management (CPS 590),Replace Synthetic N Fertilizer with Chicken Layer Manure on Managed Irrigated Pasture,67.0,,0.197479157,0.003021951,-0.085586661,0.011110084,0,-999,0.197479157,0.003021951,0.0,0.0,0,0,0,0,0,-0.056426976,0.011026696,-0.029159685,0.000352893,0.0,0,0.111892496,0.011663298,-0.137539934,0.311687379,Hennepin
MN,Hennepin,27053,103,M,Grazing Lands,590,Nutrient Management (CPS 590),Replace Synthetic N Fertilizer with Chicken Layer Manure on Managed Non-Irrigated Pasture,80.0,,0.089789786,0.001970352,-0.056634328,0.00994259,0,-999,0.089789786,0.001970352,0.0,0.0,0,0,0,0,0,-0.036430511,0.009929296,-0.020203817,0.000361375,0.0,0,0.033155458,0.009966672,-0.158981662,0.23410588,Hennepin
MN,Hennepin,27053,103,M,Grazing Lands,590,Nutrient Management (CPS 590),Replace Synthetic N Fertilizer with Compost (CN ratio 10) on Managed Irrigated Pasture,67.0,,0.214431498,0.002921981,-0.082701401,0.012315688,0,-999,0.214431498,0.002921981,0.0,0.0,0,0,0,0,0,-0.055411468,0.012265435,-0.027289934,0.000325535,0.0,0,0.131730097,0.012569929,-0.12320514,0.361139429,Hennepin
MN,Hennepin,27053,103,M,Grazing Lands,590,Nutrient Management (CPS 590),Replace Synthetic N Fertilizer with Compost (CN ratio 10) on Managed Non-Irrigated Pasture,80.0,,0.105769336,0.001978726,-0.057749158,0.010073925,0,-999,0.105769336,0.001978726,0.0,0.0,0,0,0,0,0,-0.039000049,0.010074937,-0.018749109,0.000325727,0.0,0,0.048020178,0.010055805,-0.19642484,0.256159439,Hennepin
MN,Hennepin,27053,103,M,Grazing Lands,590,Nutrient Management (CPS 590),Replace Synthetic N Fertilizer with Compost (CN ratio 15) on Managed Irrigated Pasture,67.0,,0.267844028,0.002796074,-0.096928276,0.014342093,0,-999,0.267844028,0.002796074,0.0,0.0,0,0,0,0,0,-0.071631805,0.014360216,-0.025296471,0.000319933,0.0,0,0.170915752,0.014268806,-0.153150007,0.406866927,Hennepin
MN,Hennepin,27053,103,M,Grazing Lands,590,Nutrient Management (CPS 590),Replace Synthetic N Fertilizer with Compost (CN ratio 15) on Managed Non-Irrigated Pasture,80.0,,0.144515944,0.002036982,-0.042407317,0.013116599,0,-999,0.144515944,0.002036982,0.0,0.0,0,0,0,0,0,-0.027164448,0.013106576,-0.015242869,0.000262331,0.0,0,0.102108626,0.013096353,-0.221488736,0.420872063,Hennepin
MN,Hennepin,27053,103,M,Grazing Lands,590,Nutrient Management (CPS 590),Replace Synthetic N Fertilizer with Compost (CN ratio 20) on Managed Irrigated Pasture,67.0,,0.305297267,0.002590572,-0.076352982,0.015372981,0,-999,0.305297267,0.002590572,0.0,0.0,0,0,0,0,0,-0.05651083,0.015372733,-0.019842152,0.000264307,0.0,0,0.228944284,0.015237599,-0.021137814,0.48721569,Hennepin
MN,Hennepin,27053,103,M,Grazing Lands,590,Nutrient Management (CPS 590),Replace Synthetic N Fertilizer with Compost (CN ratio 20) on Managed Non-Irrigated Pasture,80.0,,0.176517478,0.002066625,-0.030096912,0.015134105,0,-999,0.176517478,0.002066625,0.0,0.0,0,0,0,0,0,-0.01929879,0.015125941,-0.010798122,0.000231,0.0,0,0.146420566,0.015100463,-0.2254425,0.55132067,Hennepin
MN,Hennepin,27053,103,M,Grazing Lands,590,Nutrient Management (CPS 590),Replace Synthetic N Fertilizer with Compost (CN ratio 25) on Managed Irrigated Pasture,67.0,,0.342161334,0.002473457,-0.064289704,0.016917052,0,-999,0.342161334,0.002473457,0.0,0.0,0,0,0,0,0,-0.048884535,0.016938662,-0.015405169,0.000234971,0.0,0,0.27787163,0.01678568,0.012493604,0.615093494,Hennepin
MN,Hennepin,27053,103,M,Grazing Lands,590,Nutrient Management (CPS 590),Replace Synthetic N Fertilizer with Compost (CN ratio 25) on Managed Non-Irrigated Pasture,80.0,,0.210081947,0.002242219,-0.024854786,0.017486772,0,-999,0.210081947,0.002242219,0.0,0.0,0,0,0,0,0,-0.017523748,0.017511248,-0.007331038,0.000166095,0.0,0,0.185227161,0.0176416,-0.245669678,0.591819413,Hennepin
MN,Hennepin,27053,103,M,Grazing Lands,590,Nutrient Management (CPS 590),Replace Synthetic N Fertilizer with Other Manure on Managed Irrigated Pasture,67.0,,0.230948166,0.002836024,-0.079246418,0.012386506,0,-999,0.230948166,0.002836024,0.0,0.0,0,0,0,0,0,-0.053772998,0.012375648,-0.025473419,0.000309891,0.0,0,0.151701749,0.012586671,-0.108034697,0.38486195,Hennepin
MN,Hennepin,27053,103,M,Grazing Lands,590,Nutrient Management (CPS 590),Replace Synthetic N Fertilizer with Other Manure on Managed Non-Irrigated Pasture,80.0,,0.121418945,0.001995198,-0.05190132,0.011357897,0,-999,0.121418945,0.001995198,0.0,0.0,0,0,0,0,0,-0.034482993,0.011326246,-0.017418327,0.000294962,0.0,0,0.069517625,0.011202389,-0.221845847,0.285577666,Hennepin
MN,Hennepin,27053,103,M,Grazing Lands,590,Nutrient Management (CPS 590),Replace Synthetic N Fertilizer with Sheep Manure on Managed Irrigated Pasture,67.0,,0.230948166,0.002836024,-0.079246418,0.012386506,0,-999,0.230948166,0.002836024,0.0,0.0,0,0,0,0,0,-0.053772998,0.012375648,-0.025473419,0.000309891,0.0,0,0.151701749,0.012586671,-0.108034697,0.38486195,Hennepin
MN,Hennepin,27053,103,M,Grazing Lands,590,Nutrient Management (CPS 590),Replace Synthetic N Fertilizer with Sheep Manure on Managed Non-Irrigated Pasture,80.0,,0.121418945,0.001995198,-0.05190132,0.011357897,0,-999,0.121418945,0.001995198,0.0,0.0,0,0,0,0,0,-0.034482993,0.011326246,-0.017418327,0.000294962,0.0,0,0.069517625,0.011202389,-0.221845847,0.285577666,Hennepin
MN,Hennepin,27053,103,M,Grazing Lands,590,Nutrient Management (CPS 590),Replace Synthetic N Fertilizer with Swine Manure on Managed Irrigated Pasture,67.0,,0.267844028,0.002796074,-0.096928276,0.014342093,0,-999,0.267844028,0.002796074,0.0,0.0,0,0,0,0,0,-0.071631805,0.014360216,-0.025296471,0.000319933,0.0,0,0.170915752,0.014268806,-0.153150007,0.406866927,Hennepin
MN,Hennepin,27053,103,M,Grazing Lands,590,Nutrient Management (CPS 590),Replace Synthetic N Fertilizer with Swine Manure on Managed Non-Irrigated Pasture,80.0,,0.144515944,0.002036982,-0.042407317,0.013116599,0,-999,0.144515944,0.002036982,0.0,0.0,0,0,0,0,0,-0.027164448,0.013106576,-0.015242869,0.000262331,0.0,0,0.102108626,0.013096353,-0.221488736,0.420872063,Hennepin
MN,Hennepin,27053,103,M,Grazing Lands,528,Prescribed Grazing (CPS 528),Grazing Management to Improve Irrigated Pasture Condition,67.0,,0.022290893,0.002209973,0.014075846,0.010212247,0,-999,0.022290893,0.002209973,0.0,0.0,0,0,0,0,0,0.008147709,0.010289485,0.005928137,0.000213542,0.0,0,0.036366739,0.010614856,-0.215756074,0.196114894,Hennepin
MN,Hennepin,27053,103,M,Grazing Lands,528,Prescribed Grazing (CPS 528),Grazing Management to Improve Rangeland or Non-Irrigated Pasture Condition,80.0,,0.023048974,0.002244354,0.0175324,0.010612171,0,-999,0.023048974,0.002244354,0.0,0.0,0,0,0,0,0,0.012239866,0.010681798,0.005292534,0.000269659,0.0,0,0.040581374,0.010947998,-0.265974613,0.28790771,Hennepin
MN,Hennepin,27053,103,M,Grazing Lands,550,Range Planting (CPS 550),Seeding Forages to Improve Rangeland Condition,,,0.502429128,-999.0,0.0,-999.0,-999,-999,0.502429128,-999.0,0.0,0.0,0,0,0,0,0,0.0,-999.0,0.0,-999.0,0.0,0,0.502429128,,-999.0,-999.0,Hennepin
MN,Hennepin,27053,103,M,Restoration of Disturbed Lands,342,Critical Area Planting (CPS 342),Restore Highly Disturbed Areas by Planting Permanent Vegetative Cover,,,1.898785472,-999.0,0.0,-999.0,-999,-999,1.898785472,-999.0,0.0,0.0,0,0,0,0,0,0.0,-999.0,0.0,-999.0,0.0,0,1.898785472,,-999.0,-999.0,Hennepin
MN,Hennepin,27053,103,M,Restoration of Disturbed Lands,555,Riparian Restoration,Restore Degraded Riparian Areas by Planting Woody Plants,,,2.190283298,-999.0,0.0,-999.0,-999,-999,2.190283298,-999.0,0.0,0.0,0,0,0,0,0,0.0,-999.0,0.0,-999.0,0.0,0,2.190283298,,-999.0,-999.0,Hennepin
MN,Hennepin,27053,103,M,Woody Plantings,311,Alley Cropping (CPS 311),Replace 20% of Annual Cropland with Woody Plants (Hardwood),,,1.559904163,-999.0,0.283863825,0.003625282,-999,-999,0.303458109,0.00777227,1.256446054,0.0,0,0,0,0,0,0.256542993,0.004106665,0.027320831,0.000779799,0.0,0,1.843767987,,-999.0,-999.0,Hennepin
MN,Hennepin,27053,103,M,Woody Plantings,311,Alley Cropping (CPS 311),Replace 20% of Grass Pasture with Woody Plants (Hardwood),,,1.256446054,-999.0,-999.0,-999.0,-999,-999,0.0,-999.0,1.256446054,0.0,0,0,0,0,0,0.0,-999.0,0.0,-999.0,0.0,0,1.256446054,,-999.0,-999.0,Hennepin
MN,Hennepin,27053,103,M,Woody Plantings,422,Hedgerow Planting (CPS 422),Replace a Strip of Cropland with 1 Row of Woody Plants (Conifer),,,5.685434431,-999.0,0.283863825,0.003625282,-999,-999,0.303458109,0.00777227,5.381976322,0.0,0,0,0,0,0,0.256542993,0.004106665,0.027320831,0.000779799,0.0,0,5.969298255,,-999.0,-999.0,Hennepin
MN,Hennepin,27053,103,M,Woody Plantings,422,Hedgerow Planting (CPS 422),Replace a Strip of Grassland with 1 Row of Woody Plants (Conifer),,,5.381976322,-999.0,-999.0,-999.0,-999,-999,0.0,-999.0,5.381976322,0.0,0,0,0,0,0,0.0,-999.0,0.0,-999.0,0.0,0,5.381976322,,-999.0,-999.0,Hennepin
MN,Hennepin,27053,103,M,Woody Plantings,379,Multi-story Cropping (CPS 379),Replace 20% of Annual Cropland with Woody Plants (Hardwood),,,1.559904163,-999.0,0.283863825,0.003625282,-999,-999,0.303458109,0.00777227,1.256446054,0.0,0,0,0,0,0,0.256542993,0.004106665,0.027320831,0.000779799,0.0,0,1.843767987,,-999.0,-999.0,Hennepin
MN,Hennepin,27053,103,M,Woody Plantings,391,Riparian Forest Buffer (CPS 391),Replace a Strip of Cropland Near Watercourses or Water Bodies with Woody Plants (Mixed Hardwoods),,,8.883799703,-999.0,0.283863825,0.003625282,-999,-999,0.303458109,0.00777227,8.580341594,0.0,0,0,0,0,0,0.256542993,0.004106665,0.027320831,0.000779799,0.0,0,9.167663528,,-999.0,-999.0,Hennepin
MN,Hennepin,27053,103,M,Woody Plantings,391,Riparian Forest Buffer (CPS 391),Replace a Strip of Grassland Near Watercourses or Water Bodies with Woody Plants (Mixed Hardwoods),,,8.580341594,-999.0,-999.0,-999.0,-999,-999,0.0,-999.0,8.580341594,0.0,0,0,0,0,0,0.0,-999.0,0.0,-999.0,0.0,0,8.580341594,,-999.0,-999.0,Hennepin
MN,Hennepin,27053,103,M,Woody Plantings,612,Tree/Shrub Establishment (CPS 612),Conversion of Annual Cropland to a Farm Woodlot (Mixed Hardwoods),,,8.335628536,-999.0,0.283863825,0.003625282,-999,-999,0.303458109,0.00777227,8.032170427,0.0,0,0,0,0,0,0.256542993,0.004106665,0.027320831,0.000779799,0.0,0,8.619492361,,-999.0,-999.0,Hennepin
MN,Hennepin,27053,103,M,Woody Plantings,612,Tree/Shrub Establishment (CPS 612),Conversion of Grassland to a Farm Woodlot (Mixed Hardwoods),,,8.032170427,-999.0,-999.0,-999.0,-999,-999,0.0,-999.0,8.032170427,0.0,0,0,0,0,0,0.0,-999.0,0.0,-999.0,0.0,0,8.032170427,,-999.0,-999.0,Hennepin
MN,Hennepin,27053,103,M,Woody Plantings,380,Windbreak/Shelterbelt Establishment (CPS 380),Replace a Strip of Cropland with 1 Row of Woody Plants (Conifer),,,5.685434431,-999.0,0.283863825,0.003625282,-999,-999,0.303458109,0.00777227,5.381976322,0.0,0,0,0,0,0,0.256542993,0.004106665,0.027320831,0.000779799,0.0,0,5.969298255,,-999.0,-999.0,Hennepin
MN,Hennepin,27053,103,M,Woody Plantings,380,Windbreak/Shelterbelt Establishment (CPS 380),Replace a Strip of Cropland with 3 Rows of Woody Plants (Hardwood/Conifer),,,3.152530408,-999.0,0.283863825,0.003625282,-999,-999,0.303458109,0.00777227,2.849072299,0.0,0,0,0,0,0,0.256542993,0.004106665,0.027320831,0.000779799,0.0,0,3.436394233,,-999.0,-999.0,Hennepin
MN,Hennepin,27053,103,M,Woody Plantings,380,Windbreak/Shelterbelt Establishment (CPS 380),Replace a Strip of Cropland with 5 Rows of Woody Plants (Hardwood/Conifer),,,5.282252431,-999.0,0.283863825,0.003625282,-999,-999,0.303458109,0.00777227,4.978794322,0.0,0,0,0,0,0,0.256542993,0.004106665,0.027320831,0.000779799,0.0,0,5.566116255,,-999.0,-999.0,Hennepin
MN,Hennepin,27053,103,M,Woody Plantings,380,Windbreak/Shelterbelt Establishment (CPS 380),Replace a Strip of Grassland with 1 Row of Woody Plants (Conifer),,,5.381976322,-999.0,-999.0,-999.0,-999,-999,0.0,-999.0,5.381976322,0.0,0,0,0,0,0,0.0,-999.0,0.0,-999.0,0.0,0,5.381976322,,-999.0,-999.0,Hennepin
MN,Hennepin,27053,103,M,Woody Plantings,380,Windbreak/Shelterbelt Establishment (CPS 380),Replace a Strip of Grassland with 3 Rows of Woody Plants (Hardwood/Conifer),,,2.849072299,-999.0,-999.0,-999.0,-999,-999,0.0,-999.0,2.849072299,0.0,0,0,0,0,0,0.0,-999.0,0.0,-999.0,0.0,0,2.849072299,,-999.0,-999.0,Hennepin
MN,Hennepin,27053,103,M,Woody Plantings,380,Windbreak/Shelterbelt Establishment (CPS 380),Replace a Strip of Grassland with 5 Rows of Woody Plants (Hardwood/Conifer),,,4.978794322,-999.0,-999.0,-999.0,-999,-999,0.0,-999.0,4.978794322,0.0,0,0,0,0,0,0.0,-999.0,0.0,-999.0,0.0,0,4.978794322,,-999.0,-999.0,Hennepin
